Mes,Dia,cuentas,personas,articulos,total
Octubre,Lunes,103,192,451,24095.6
Octubre,Martes,147,265,683,36670
Octubre,Miercoles,111,225,515,29349.16
Octubre,Jueves,134,249,617,33648.58
Octubre,Viernes,205,380,1037,58423.76
Octubre,Sabado,240,867,1124,63844
Octubre,Domingo,192,354,861,49604.08
Octubre,Lunes,85,161,412,21259.92
Octubre,Martes,80,148,394,21593
Octubre,Miercoles,100,175,465,25896.78
Octubre,Jueves,108,216,522,27936.4
Octubre,Viernes,176,325,764,44045.22
Octubre,Sabado,199,370,833,48142.76
Octubre,Domingo,148,361,618,36519.4
Octubre,Lunes,98,182,411,22019
Octubre,Martes,110,268,548,29540
Octubre,Miercoles,148,300,799,41855.51
Octubre,Jueves,136,254,677,36557.32
Noviembre,Viernes,187,334,892,48454.48
Noviembre,Sabado,209,470,1053,58649.8
Noviembre,Domingo,168,286,753,42026
Noviembre,Lunes,72,136,374,21085.06
Noviembre,Martes,100,193,573,29392.77
Noviembre,Miercoles,93,166,430,22867.58
Noviembre,Jueves,132,241,618,33331.88
Noviembre,Viernes,173,311,884,48239.08
Noviembre,Sabado,212,394,930,49753.52
Noviembre,Domingo,146,267,646,36137.9
Noviembre,Lunes,104,197,474,26215.61
Noviembre,Martes,91,152,392,20448
Noviembre,Miercoles,137,285,811,41234.62
Noviembre,Jueves,131,254,670,36626.6
Noviembre,Viernes,198,373,1077,58998.43
Noviembre,Sabado,211,382,970,56019.2
Noviembre,Domingo,160,345,762,43182.08
Noviembre,Lunes,161,292,688,37386.68
Noviembre,Martes,92,162,470,25204.52
Noviembre,Miercoles,99,232,520,28721.4
Noviembre,Jueves,123,236,626,33504
Noviembre,Viernes,163,311,797,44311.92
Noviembre,Sabado,196,359,925,54796.64
Noviembre,Domingo,159,279,718,38722.59
Noviembre,Lunes,98,170,441,23265.92
Noviembre,Martes,86,142,353,19461
Noviembre,Miercoles,98,205,509,28954.64
Noviembre,Jueves,129,249,641,35900
Noviembre,Viernes,221,403,1104,61446.68
Noviembre,Sabado,230,423,1113,60879.33
Diciembre,Domingo,173,318,818,46704.27
Diciembre,Martes,98,198,457,24749
Diciembre,Miercoles,100,205,554,31591
Diciembre,Jueves,145,260,746,39196.68
Diciembre,Viernes,188,346,1231,63311.04
Diciembre,Sabado,218,392,950,57342.63
Diciembre,Domingo,211,338,914,54032.76
Diciembre,Lunes,107,188,460,24565.79
Diciembre,Martes,136,268,675,37370.98
Diciembre,Miercoles,122,225,596,33973.6
Diciembre,Jueves,187,340,903,49482.24
Diciembre,Viernes,205,374,1102,60061.48
Diciembre,Sabado,245,398,1085,64683.48
Diciembre,Domingo,183,344,919,52594
Diciembre,Lunes,138,281,643,37015.8
Diciembre,Martes,145,325,897,48203.24
Diciembre,Miercoles,164,288,894,49075.28
Diciembre,Jueves,150,298,907,51278.44
Diciembre,Viernes,193,348,1025,58999
Diciembre,Sabado,200,362,953,53501.76
Diciembre,Domingo,182,343,848,48558.68
Diciembre,Lunes,149,253,725,39552.12
Diciembre,Jueves,162,309,919,50128.48
Diciembre,Viernes,189,362,1018,59142.63
Diciembre,Sabado,224,486,1170,65550.03
Diciembre,Domingo,186,385,881,50708.52
Diciembre,Lunes,151,261,929,47831.43
Enero,Jueves,160,278,771,42265.36
Enero,Viernes,186,342,946,54281.2
Enero,Sabado,202,377,1121,61343.76
Enero,Domingo,182,311,764,46492.23
Enero,Lunes,88,144,379,22213.33
Enero,Martes,103,174,489,27285
Enero,Miercoles,106,177,424,24429.92
Enero,Jueves,112,205,496,27601.01
Enero,Viernes,202,388,1139,62122.99
Enero,Sabado,214,363,1078,62589
Enero,Domingo,174,318,821,47874.01
Enero,Lunes,97,159,397,22016
Enero,Martes,130,222,667,35438.02
Enero,Miercoles,127,261,685,37145
Enero,Jueves,133,246,677,36814.94
Enero,Viernes,216,371,1127,61821.99
Enero,Sabado,231,380,1140,64563.51
Enero,Domingo,200,364,967,55831.22
Enero,Lunes,93,168,413,22835.8
Enero,Martes,115,164,617,33889
Enero,Miercoles,127,226,655,35994.5
Enero,Jueves,133,214,650,36866.6
Enero,Viernes,178,305,970,53144.8
Enero,Sabado,216,418,1124,60602.59
Enero,Domingo,178,324,841,47197.42
Enero,Lunes,83,135,355,19747.02
Enero,Martes,134,205,745,39347.6
Enero,Miercoles,139,237,755,39952.5
Enero,Jueves,122,220,648,35152
Enero,Viernes,210,392,1066,60868
Febrero,Sabado,198,343,1116,60564.99
Febrero,Domingo,182,297,852,49350.99
Febrero,Lunes,107,184,461,25858.8
Febrero,Martes,72,133,329,17725
Febrero,Miercoles,76,122,335,18526.99
Febrero,Jueves,137,214,682,35563.71
Febrero,Viernes,161,279,872,46667.21
Febrero,Sabado,211,370,1225,68162.5
Febrero,Domingo,135,233,584,33461.42
Febrero,Lunes,85,146,370,20572.2
Febrero,Martes,89,149,410,21979.01
Febrero,Miercoles,74,132,365,18979
Febrero,Jueves,119,191,600,34403.2
Febrero,Viernes,297,573,1630,94311.3
Febrero,Sabado,223,386,1080,59937.4
Febrero,Domingo,168,313,744,42701.16
Febrero,Lunes,79,115,332,17665
Febrero,Martes,84,139,380,20750.4
Febrero,Miercoles,97,190,498,27037.81
Febrero,Jueves,93,165,567,29385.3
Febrero,Viernes,182,340,956,51592
Febrero,Sabado,199,373,984,56053.01
Febrero,Domingo,159,302,711,38804.44
Febrero,Lunes,73,107,341,18674.2
Febrero,Martes,79,143,413,22573
Febrero,Miercoles,94,170,448,23907.2
Febrero,Jueves,112,199,599,31212
Febrero,Viernes,195,344,1020,57097.66
Marzo,Sabado,216,382,1021,56202.5
Marzo,Domingo,126,232,562,33200
Marzo,Lunes,91,164,450,25219
Marzo,Martes,73,136,336,18344
Marzo,Miercoles,108,222,536,30995.8
Marzo,Jueves,100,157,462,26562.7
Marzo,Viernes,143,271,682,37864.45
Marzo,Sabado,197,315,910,50659.31
Marzo,Domingo,135,249,573,31848.11
Marzo,Lunes,75,131,362,21143.5
Marzo,Martes,75,138,362,18832.49
Marzo,Miercoles,88,169,442,24955.61
Marzo,Jueves,104,152,384,21078.5
Marzo,Viernes,169,318,874,46651.41
Marzo,Sabado,200,381,896,48495.19
Marzo,Domingo,133,215,507,29932.69
Marzo,Lunes,118,189,462,25793.61
Marzo,Martes,74,125,358,20689.46
Marzo,Miercoles,83,150,362,20093.8
Marzo,Jueves,117,220,507,26506.81
Marzo,Viernes,150,274,724,40338.4
Marzo,Sabado,203,358,935,54388.58
Marzo,Domingo,147,234,589,35120.26
Marzo,Lunes,77,128,312,17287.41
Marzo,Martes,70,132,334,17710
Marzo,Miercoles,66,101,255,13245.69
Marzo,Jueves,98,179,443,23883
Marzo,Viernes,159,269,753,42547.2
Marzo,Sabado,180,293,779,46153.48
Marzo,Domingo,129,179,449,25582.99
Marzo,Lunes,84,139,387,22223.21
Abril,Martes,86,123,447,21896.9
Abril,Miercoles,114,188,588,32831.25
Abril,Jueves,115,228,530,29540.25
Abril,Viernes,166,280,891,46365.95
Abril,Sabado,200,325,844,47940.95
Abril,Domingo,143,193,543,32787.81
Abril,Lunes,98,147,437,24622.2
Abril,Martes,84,113,403,22298
Abril,Miercoles,96,149,495,24548.9
Abril,Jueves,121,192,555,29638.81
Abril,Viernes,189,318,1049,57010.79
Abril,Sabado,204,315,997,54779.31
Abril,Domingo,162,222,739,44369.8
Abril,Lunes,116,174,537,29390.79
Abril,Martes,137,253,656,35802.1
Abril,Miercoles,181,341,894,48189.1
Abril,Sabado,131,212,593,33279.91
Abril,Domingo,162,245,635,37779.85
Abril,Lunes,107,178,515,27685.1
Abril,Martes,106,146,525,28451.59
Abril,Miercoles,131,219,623,32792.2
Abril,Jueves,123,184,606,32877.19
Abril,Viernes,165,280,884,46415.49
Abril,Sabado,180,261,798,44547.76
Abril,Domingo,147,216,651,38181.8
Abril,Lunes,71,96,302,15975.8
Abril,Martes,104,149,477,23897.01
Abril,Miercoles,168,295,851,47557.2
Mayo,Jueves,129,214,538,31253.4
Mayo,Viernes,153,244,725,38947.99
Mayo,Sabado,202,328,933,51122.89
Mayo,Domingo,147,251,576,34085.6
Mayo,Lunes,78,112,334,18636.34
Mayo,Martes,75,106,319,18061.25
Mayo,Miercoles,71,112,352,17738
Mayo,Jueves,94,144,416,23377.66
Mayo,Viernes,169,264,805,46225.5
Mayo,Sabado,197,349,1052,63268.42
Mayo,Domingo,181,260,748,42399.59
Mayo,Lunes,90,139,419,22555.8
Mayo,Martes,101,189,507,27435
Mayo,Miercoles,139,230,788,42791.6
Mayo,Jueves,151,246,976,50356.64
Mayo,Viernes,183,321,1056,55326.32
Mayo,Sabado,208,351,939,53209.6
Mayo,Domingo,184,292,847,49913.6
Mayo,Lunes,91,148,403,23760.3
Mayo,Martes,85,132,429,22209.79
Mayo,Miercoles,94,165,428,24035
Mayo,Jueves,88,171,471,25495.84
Mayo,Viernes,175,334,939,51893.25
Mayo,Sabado,191,310,963,52982.91
Mayo,Domingo,157,245,689,39415.44
Mayo,Lunes,69,103,309,15737.2
Mayo,Martes,85,127,400,23816
Mayo,Miercoles,109,170,605,31644.28
Mayo,Jueves,101,162,519,29793.92
Mayo,Viernes,173,281,923,49703.2
Mayo,Sabado,218,358,1062,60170.85
Junio,Domingo,161,286,712,39567.32
Junio,Lunes,76,134,344,18594.52
Junio,Martes,114,178,619,34264.03
Junio,Miercoles,108,170,556,29418.24
Junio,Jueves,100,193,536,27246.55
Junio,Viernes,185,322,1025,53428.87
Junio,Sabado,202,346,971,53443.68
Junio,Domingo,156,245,673,37715.3
Junio,Lunes,81,135,371,19572.99
Junio,Martes,86,127,408,22663
Junio,Miercoles,90,132,455,23697.04
Junio,Jueves,106,164,502,27366.33
Junio,Viernes,207,350,1118,60807.63
Junio,Sabado,196,312,994,54743.69
Junio,Domingo,167,308,852,53783.84
Junio,Lunes,98,181,450,25484.72
Junio,Martes,127,167,726,38901
Junio,Miercoles,110,178,590,31477.48
Junio,Jueves,115,181,606,33178.6
Junio,Viernes,177,283,890,48825.89
Junio,Sabado,185,293,926,50598.19
Junio,Domingo,154,276,746,44321.19
Junio,Lunes,140,230,803,41460.26
Junio,Martes,115,203,593,34093.43
Junio,Miercoles,93,172,572,31207.32
Junio,Jueves,126,211,705,37776.81
Junio,Viernes,190,337,1010,54576.24
Junio,Sabado,219,351,1095,59413.6
Junio,Domingo,167,258,805,46260.2
Junio,Lunes,119,172,633,34383.64
Julio,Martes,118,181,596,30365.37
Julio,Miercoles,99,156,452,25879
Julio,Jueves,119,196,594,31997.73
Julio,Viernes,196,312,998,56142.67
Julio,Sabado,211,336,1081,60735.02
Julio,Domingo,133,171,654,33470.21
Julio,Lunes,76,144,366,21449.88
Julio,Martes,93,151,496,27446.7
Julio,Miercoles,116,192,545,31048.64
Julio,Jueves,116,178,531,31677
Julio,Viernes,185,305,880,52985.76
Julio,Sabado,159,264,810,45260.71
Julio,Domingo,149,235,643,38384.49
Julio,Lunes,87,151,386,22077.4
Julio,Martes,108,189,578,32233.76
Julio,Miercoles,92,158,494,29303.05
Julio,Jueves,104,168,586,33048.76
Julio,Viernes,163,337,966,55228.8
Julio,Sabado,198,335,951,56744.01
Julio,Domingo,135,182,563,34697
Julio,Lunes,78,124,386,21219
Julio,Martes,73,119,368,22002.16
Julio,Miercoles,88,153,472,26165
Julio,Jueves,106,189,533,31519.52
Julio,Viernes,155,274,790,43762
Julio,Sabado,168,285,802,47510
Julio,Domingo,131,179,510,32769.36
Julio,Lunes,61,94,268,15654.6
Julio,Martes,101,157,486,29230
Julio,Miercoles,90,159,492,28275.86
Julio,Jueves,124,208,705,39918
Agosto,Viernes,171,317,984,54301.53
Agosto,Sabado,196,320,883,53170
Agosto,Domingo,116,143,539,32714
Agosto,Lunes,83,121,369,20514.44
Agosto,Martes,100,156,487,28720
Agosto,Miercoles,100,143,476,27037
Agosto,Jueves,100,144,481,26380
Agosto,Viernes,145,238,886,48926
Agosto,Sabado,172,276,808,50234.52
Agosto,Domingo,107,150,453,26137
Agosto,Lunes,74,108,374,19994.93
Agosto,Martes,74,105,373,21316
Agosto,Miercoles,89,160,462,26833.92
Agosto,Jueves,111,154,491,27189.23
Agosto,Viernes,170,282,953,54500.28
Agosto,Sabado,175,254,884,50574.01
Agosto,Domingo,153,230,695,42699.59
Agosto,Lunes,61,91,257,15345
Agosto,Martes,63,87,259,16007
Agosto,Miercoles,3,3,11,900
Agosto,Miercoles,66,114,356,19031.01
Agosto,Jueves,96,131,465,26760.6
Agosto,Viernes,173,278,989,57010
Agosto,Sabado,187,255,850,51643.48
Agosto,Domingo,126,162,505,33536.81
Agosto,Lunes,48,71,212,12168
Agosto,Martes,71,88,295,16359.41
Agosto,Miercoles,84,132,375,19843
Agosto,Jueves,87,133,403,23421.79
Agosto,Viernes,192,277,969,55710.01
Agosto,Sabado,207,309,973,59153.51
Agosto,Domingo,139,189,585,37101.44
Septiembre,Lunes,85,116,437,25284.72
Septiembre,Martes,79,100,289,17946.01
Septiembre,Miercoles,103,163,547,27748
Septiembre,Jueves,97,146,531,29112.72
Septiembre,Viernes,163,312,869,46961.14
Septiembre,Sabado,197,309,968,57233.84
Septiembre,Domingo,137,185,579,36638.29
Septiembre,Lunes,78,116,364,19802.2
Septiembre,Martes,72,99,412,21587.75
Septiembre,Miercoles,78,107,321,19059.33
Septiembre,Jueves,90,132,508,29145.64
Septiembre,Viernes,164,278,924,53074.63
Septiembre,Sabado,212,293,1067,61967.98
Septiembre,Domingo,129,173,534,32693.96
Septiembre,Lunes,122,145,536,31447.2
Septiembre,Martes,124,165,502,29736.28
Septiembre,Miercoles,60,85,312,17898.52
Septiembre,Jueves,91,153,451,24216
Septiembre,Viernes,148,211,707,38996.4
Septiembre,Sabado,177,234,751,43965.91
Septiembre,Domingo,131,154,616,35708.46
Septiembre,Lunes,59,81,262,14139.08
Septiembre,Martes,66,75,261,14500
Septiembre,Miercoles,78,109,321,19485.7
Septiembre,Jueves,112,168,561,31048.84
Septiembre,Viernes,166,236,762,44013.84
Septiembre,Sabado,199,278,917,52572.05
Septiembre,Domingo,141,185,613,37025.16
Septiembre,Lunes,68,160,342,20055
Septiembre,Martes,90,106,399,24219.11
Octubre,Miercoles,94,143,471,24789.09
Octubre,Jueves,110,155,589,28088.2
Octubre,Viernes,165,233,1031,51316.88
Octubre,Sabado,182,264,1977,59244.43
Octubre,Domingo,133,175,904,32325.24
Octubre,Lunes,67,97,285,15363.88
Octubre,Martes,76,100,504,23107.07
Octubre,Miercoles,91,127,411,22602.4
Octubre,Jueves,97,135,537,28549.8
Octubre,Viernes,150,202,715,41283.41
Octubre,Sabado,177,245,875,48025.7
Octubre,Domingo,130,180,653,37464.64
Octubre,Lunes,76,112,291,18044.76
Octubre,Martes,87,106,366,20893.44
Octubre,Miercoles,100,142,506,28549.73
Octubre,Jueves,104,149,594,32628.16
Octubre,Viernes,136,238,632,38064.32
Octubre,Sabado,168,234,824,48297.03
Octubre,Domingo,123,144,521,32789.1
Octubre,Lunes,63,93,375,21773.9
Octubre,Martes,79,100,363,20519.4
Octubre,Miercoles,95,150,442,25850.85
Octubre,Jueves,92,168,515,27982.7
Octubre,Viernes,159,220,782,43216
Octubre,Sabado,164,230,764,43936.6
Octubre,Domingo,125,162,476,30372.5
Octubre,Lunes,69,108,288,16132.8
Octubre,Martes,61,82,360,19174.4
Octubre,Miercoles,114,160,599,32445.9
Octubre,Jueves,101,123,489,26845
Octubre,Viernes,154,196,697,41732
Noviembre,Sabado,183,286,920,51821
Noviembre,Domingo,132,153,565,34118
Noviembre,Lunes,91,117,404,23381
Noviembre,Martes,65,85,337,18608
Noviembre,Miercoles,97,118,441,24052.3
Noviembre,Jueves,88,109,404,23921.5
Noviembre,Viernes,137,202,659,36965
Noviembre,Sabado,181,260,832,49847
Noviembre,Domingo,149,197,600,37235
Noviembre,Lunes,57,89,281,15964
Noviembre,Martes,63,72,275,15872.6
Noviembre,Miercoles,99,133,458,25590.3
Noviembre,Jueves,106,160,573,32523
Noviembre,Viernes,196,262,944,52469.25
Noviembre,Sabado,236,314,899,53617.4
Noviembre,Domingo,178,203,714,40187.3
Noviembre,Lunes,173,212,602,34550.3
Noviembre,Martes,69,84,379,20360.05
Noviembre,Miercoles,71,104,439,23139.15
Noviembre,Jueves,97,128,488,25814.5
Noviembre,Viernes,150,222,737,42666.45
Noviembre,Sabado,204,279,959,56031.25
Noviembre,Domingo,134,158,585,35659.7
Noviembre,Lunes,69,90,310,17866.3
Noviembre,Martes,73,99,297,17361.15
Noviembre,Miercoles,107,160,575,30491.1
Noviembre,Jueves,123,180,580,32003.1
Noviembre,Viernes,167,249,832,48223.85
Noviembre,Sabado,203,294,1006,60699.7
Noviembre,Domingo,159,188,782,47363.1
Diciembre,Lunes,87,129,483,27389.1
Diciembre,Martes,90,112,325,19008
Diciembre,Miercoles,113,159,553,30374.9
Diciembre,Jueves,118,167,632,36626.65
Diciembre,Viernes,172,259,1014,56597.15
Diciembre,Sabado,213,281,994,58759.9
Diciembre,Domingo,148,202,668,40900.5
Diciembre,Martes,109,142,467,26278.5
Diciembre,Miercoles,129,193,657,41394.9
Diciembre,Jueves,132,173,781,44510.1
Diciembre,Viernes,197,274,979,57708.85
Diciembre,Sabado,218,295,1106,67249.8
Diciembre,Domingo,167,249,763,44588.6
Diciembre,Lunes,134,197,597,34075.7
Diciembre,Martes,132,219,697,40772.7
Diciembre,Miercoles,129,183,738,42134
Diciembre,Jueves,178,246,1026,56475
Diciembre,Viernes,180,273,902,52923.95
Diciembre,Sabado,210,298,999,59639.4
Diciembre,Domingo,166,234,783,47718
Diciembre,Lunes,127,249,670,39600.7
Diciembre,Martes,158,226,786,47070.85
Diciembre,Viernes,168,238,825,50375.8
Diciembre,Sabado,181,292,814,50497.7
Diciembre,Domingo,157,431,763,47225.45
Diciembre,Lunes,120,166,576,34213.7
Diciembre,Martes,159,211,763,45534.4
Enero,Viernes,167,255,862,52151.95
Enero,Sabado,217,339,1085,65817.2
Enero,Domingo,187,229,872,52105.9
Enero,Lunes,109,165,580,32822.7
Enero,Martes,99,209,486,29829.4
Enero,Miercoles,97,131,423,22436.3
Enero,Jueves,113,142,540,32447.5
Enero,Viernes,188,272,1017,60380.2
Enero,Sabado,221,304,1018,60477.7
Enero,Domingo,168,218,837,47248.95
Enero,Lunes,81,116,414,24194.75
Enero,Martes,82,103,345,21329.9
Enero,Miercoles,82,113,429,24182
Enero,Jueves,157,204,743,44867.9
Enero,Viernes,188,259,1026,59739
Enero,Sabado,225,319,1107,65990.6
Enero,Domingo,177,238,763,47247.87
Enero,Lunes,73,105,349,19750.3
Enero,Martes,81,101,355,20008.95
Enero,Miercoles,97,130,489,26356.1
Enero,Jueves,98,127,473,28770.3
Enero,Viernes,184,285,868,51689.6
Enero,Sabado,194,278,986,58508.8
Enero,Domingo,145,165,611,37558.5
Enero,Lunes,78,105,340,21428
Enero,Martes,80,92,379,21506.05
Enero,Miercoles,91,119,385,21823
Enero,Jueves,104,145,568,31607.8
Enero,Viernes,178,237,928,55817.9
Enero,Sabado,217,321,1070,64620
Febrero,Domingo,166,188,780,49150.2
Febrero,Lunes,91,114,383,23602.2
Febrero,Martes,69,81,345,18182.75
Febrero,Miercoles,58,82,252,13437.8
Febrero,Jueves,105,144,550,32527
Febrero,Viernes,167,234,920,51013
Febrero,Sabado,208,308,1083,59748.4
Febrero,Domingo,153,175,691,41781
Febrero,Lunes,63,92,310,17809
Febrero,Martes,82,98,397,23033.1
Febrero,Miercoles,86,123,388,22256
Febrero,Jueves,92,130,468,27441.6
Febrero,Viernes,183,250,1008,58533.4
Febrero,Sabado,312,446,1542,96036
Febrero,Domingo,150,184,643,41213.8
Febrero,Lunes,89,115,360,20908.85
Febrero,Martes,69,80,336,19720.85
Febrero,Miercoles,100,145,512,29603
Febrero,Jueves,92,121,476,26239
Febrero,Viernes,157,216,835,47502
Febrero,Sabado,192,276,958,56701.8
Febrero,Domingo,122,147,558,34226
Febrero,Lunes,54,73,240,13484
Febrero,Martes,80,101,293,16988
Febrero,Miercoles,86,108,415,22851
Febrero,Jueves,86,113,407,22829
Febrero,Viernes,196,291,1066,62952.1
Febrero,Sabado,199,279,977,59808
Marzo,Domingo,165,216,723,44942
Marzo,Lunes,84,107,386,22312
Marzo,Martes,91,106,397,23330.15
Marzo,Miercoles,97,138,461,26153.8
Marzo,Jueves,90,126,482,27545.3
Marzo,Viernes,147,213,793,44761.7
Marzo,Sabado,181,245,837,50377
Marzo,Domingo,132,170,624,37887.8
Marzo,Lunes,75,115,314,16951.4
Marzo,Martes,84,133,378,21615
Marzo,Miercoles,99,143,501,27465.8
Marzo,Jueves,96,137,547,27071
Marzo,Viernes,159,252,789,45453.05
Marzo,Sabado,174,246,820,48594.2
Marzo,Domingo,118,151,443,29596
Marzo,Lunes,102,151,463,26304
Marzo,Martes,68,94,281,15477
Marzo,Miercoles,90,122,373,20913.25
Marzo,Jueves,91,128,450,26043.9
Marzo,Viernes,158,237,847,47224.75
Marzo,Sabado,182,265,929,51150
Marzo,Domingo,165,241,888,46484
Marzo,Lunes,59,86,358,17929.6
Marzo,Martes,81,109,393,20648.5
Marzo,Miercoles,103,136,527,28470.75
Marzo,Jueves,106,191,551,31924.6
Marzo,Viernes,198,333,955,55711.4
Marzo,Sabado,183,285,945,52375
Marzo,Domingo,141,194,606,37126.4
Marzo,Lunes,125,188,546,30907
Marzo,Martes,133,215,681,39362.45
Abril,Miercoles,153,216,739,44720.1
Abril,Sabado,114,160,521,31612.4
Abril,Domingo,157,173,588,36311.6
Abril,Lunes,84,107,374,21306
Abril,Martes,103,126,522,28079.8
Abril,Miercoles,88,110,395,21808
Abril,Jueves,107,147,562,29697
Abril,Viernes,152,202,743,43347.45
Abril,Sabado,206,271,1107,60995.9
Abril,Domingo,146,250,620,40043
Abril,Lunes,86,112,379,21066.3
Abril,Martes,80,99,373,22114
Abril,Miercoles,113,145,555,29438
Abril,Jueves,123,173,687,39054.25
Abril,Viernes,180,258,893,53543.5
Abril,Sabado,210,275,900,55656.3
Abril,Domingo,137,254,612,37966
Abril,Lunes,70,95,307,17630.2
Abril,Martes,100,115,408,21804.1
Abril,Miercoles,99,146,524,25184
Abril,Jueves,103,144,579,31263
Abril,Viernes,155,219,802,45777.75
Abril,Sabado,182,266,808,47325.3
Abril,Domingo,156,188,686,40564
Abril,Lunes,84,112,349,18295
Abril,Martes,90,123,429,23532
Abril,Miercoles,108,148,616,32585.2
Abril,Jueves,147,193,726,43132
Mayo,Viernes,139,190,643,37375
Mayo,Sabado,147,217,1071,58734.65
Mayo,Domingo,121,168,547,33472.3
Mayo,Lunes,80,103,336,19100
Mayo,Martes,100,121,462,25551
Mayo,Miercoles,98,117,479,26769
Mayo,Jueves,99,128,501,28128.4
Mayo,Viernes,150,238,809,45198.85
Mayo,Sabado,189,249,978,56286
Mayo,Domingo,188,317,1086,68523.3
Mayo,Lunes,93,140,374,22017
Mayo,Martes,70,97,306,16664.8
Mayo,Miercoles,100,141,439,24319
Mayo,Jueves,136,209,634,35485.3
Mayo,Viernes,177,277,950,53222
Mayo,Sabado,195,275,1033,57676.6
Mayo,Domingo,164,231,818,49056
Mayo,Lunes,92,127,388,22727.55
Mayo,Martes,106,165,479,26927
Mayo,Miercoles,90,126,480,25458
Mayo,Jueves,105,199,518,29454.95
Mayo,Viernes,160,225,931,52176.4
Mayo,Sabado,197,328,988,57794.65
Mayo,Domingo,131,156,572,34630
Mayo,Lunes,97,140,399,24235
Mayo,Martes,92,128,475,26463
Mayo,Miercoles,91,163,467,24810.5
Mayo,Jueves,108,158,535,30848
Mayo,Viernes,180,296,892,52281
Mayo,Sabado,195,280,1005,58743.45
Mayo,Domingo,158,203,717,45525
Junio,Lunes,88,128,404,23604
Junio,Martes,91,128,386,23607
Junio,Miercoles,116,196,728,39752
Junio,Jueves,111,166,547,28757.1
Junio,Viernes,154,218,707,41930.3
Junio,Sabado,174,234,732,45476.5
Junio,Domingo,150,184,544,36183.7
Junio,Lunes,75,113,359,19428
Junio,Martes,107,141,457,24354.65
Junio,Miercoles,108,162,566,30377.5
Junio,Jueves,113,164,559,30233
Junio,Viernes,181,280,1035,56844
Junio,Sabado,220,345,1192,67526.1
Junio,Domingo,138,187,652,39361.15
Junio,Lunes,111,158,558,31072
Junio,Martes,109,150,595,32435
Junio,Miercoles,111,186,579,30800.75
Junio,Jueves,130,235,695,39865.3
Junio,Viernes,178,334,1028,58056.5
Junio,Sabado,187,270,985,58271.7
Junio,Domingo,158,256,957,59302
Junio,Lunes,102,147,459,25369
Junio,Martes,103,141,482,25245
Junio,Miercoles,133,213,657,38102
Junio,Jueves,112,161,577,35297
Junio,Viernes,173,306,1082,60438.3
Junio,Sabado,185,270,810,52900.5
Junio,Domingo,139,190,624,40173
Junio,Lunes,107,160,494,28782
Junio,Martes,109,160,501,27469.5
Julio,Miercoles,135,241,716,40934.6
Julio,Jueves,106,167,524,29442.5
Julio,Viernes,172,269,907,53503.45
Julio,Sabado,171,285,756,43625.9
Julio,Domingo,146,199,679,40048
Julio,Lunes,96,151,442,25785.9
Julio,Martes,105,147,492,26989.6
Julio,Miercoles,117,173,608,32884.3
Julio,Jueves,120,189,634,34497.85
Julio,Viernes,148,232,789,47277.45
Julio,Sabado,166,235,720,43666
Julio,Domingo,139,207,681,40419
Julio,Lunes,98,136,476,26248.3
Julio,Martes,111,161,521,27487
Julio,Miercoles,125,216,626,34892
Julio,Jueves,120,172,663,37176.4
Julio,Viernes,162,230,892,51540.5
Julio,Sabado,189,267,894,53771.9
Julio,Domingo,100,140,460,27814
Julio,Lunes,70,113,317,19110
Julio,Martes,69,96,354,20084.3
Julio,Miercoles,133,225,735,38658.5
Julio,Jueves,95,134,454,26323.2
Julio,Viernes,146,225,709,41314.2
Julio,Sabado,158,245,801,45125
Julio,Domingo,125,207,550,34695
Julio,Lunes,61,88,282,16439.8
Julio,Martes,90,122,429,23704
Julio,Miercoles,111,180,525,29577.8
Julio,Jueves,127,172,616,35434.6
Julio,Viernes,169,233,826,48985.4
Agosto,Sabado,193,264,998,55313.9
Agosto,Domingo,135,199,644,39584.3
Agosto,Lunes,91,117,427,26445
Agosto,Martes,122,143,658,34089
Agosto,Miercoles,129,200,621,34417.5
Agosto,Jueves,108,154,484,29185.65
Agosto,Viernes,142,230,797,42175.75
Agosto,Sabado,182,277,880,50774.85
Agosto,Domingo,127,201,557,32603
Agosto,Lunes,88,126,408,23798.3
Agosto,Martes,112,183,551,30273
Agosto,Miercoles,114,209,537,29149.4
Agosto,Jueves,126,233,683,36778.7
Agosto,Viernes,176,385,959,55916.5
Agosto,Sabado,198,352,1019,55655.8
Agosto,Domingo,137,212,603,36446
Agosto,Lunes,76,112,322,17244
Agosto,Martes,75,117,319,16905.7
Agosto,Miercoles,91,149,389,21015
Agosto,Jueves,86,148,439,24595
Agosto,Viernes,159,280,761,44947.5
Agosto,Sabado,192,308,994,58188.05
Agosto,Domingo,108,163,509,29950
Agosto,Lunes,67,109,349,19007
Agosto,Martes,79,132,449,19039
Agosto,Miercoles,95,174,474,25945.4
Agosto,Jueves,81,140,401,23498
Agosto,Viernes,177,310,901,50559.25
Agosto,Sabado,192,324,980,56749.75
Agosto,Domingo,150,267,644,39224.4
Agosto,Lunes,75,108,349,18588
Septiembre,Martes,67,113,340,19355
Septiembre,Miercoles,110,165,478,27768
Septiembre,Jueves,100,148,444,28084.55
Septiembre,Viernes,146,251,716,41201
Septiembre,Sabado,176,304,908,50187.6
Septiembre,Domingo,114,164,510,30686
Septiembre,Lunes,77,127,356,20296.4
Septiembre,Martes,87,172,471,27447.35
Septiembre,Miercoles,86,136,355,20846
Septiembre,Jueves,89,153,498,30109
Septiembre,Viernes,138,237,739,43016.6
Septiembre,Sabado,186,364,928,52726.2
Septiembre,Domingo,139,198,652,41929.8
Septiembre,Lunes,86,126,372,21221.8
Septiembre,Martes,125,205,504,29842
Septiembre,Miercoles,113,188,535,31197.1
Septiembre,Jueves,68,117,324,19324.55
Septiembre,Viernes,122,209,620,34986
Septiembre,Sabado,141,241,777,44728
Septiembre,Domingo,125,166,512,32395
Septiembre,Lunes,82,122,351,19441
Septiembre,Martes,94,155,424,24495
Septiembre,Miercoles,99,163,484,25632.75
Septiembre,Jueves,112,184,664,36655
Septiembre,Viernes,157,254,786,45934.3
Septiembre,Sabado,193,298,1019,58818
Septiembre,Domingo,137,192,579,35471
Septiembre,Lunes,92,155,443,24757
Septiembre,Martes,88,158,366,22837.2
Septiembre,Miercoles,131,251,647,36649.15
Octubre,Jueves,81,146,351,20499
Octubre,Viernes,180,303,869,52070.25
Octubre,Sabado,177,315,876,50617.75
Octubre,Domingo,132,224,672,41458.4
Octubre,Lunes,58,92,250,14692.5
Octubre,Martes,80,138,332,20131
Octubre,Miercoles,68,96,289,17718
Octubre,Jueves,53,72,182,10561
Octubre,Viernes,142,237,670,38379.8
Octubre,Sabado,182,303,956,53125.3
Octubre,Domingo,121,178,491,32287.9
Octubre,Lunes,79,118,326,18929
Octubre,Martes,88,153,388,21991.25
Octubre,Miercoles,106,189,519,29789.25
Octubre,Jueves,137,219,862,47395.5
Octubre,Viernes,155,249,725,43651.35
Octubre,Sabado,169,258,792,47200.2
Octubre,Domingo,147,201,700,42305
Octubre,Lunes,84,128,376,21386.6
Octubre,Martes,61,94,243,13637.7
Octubre,Miercoles,87,165,467,25831.6
Octubre,Jueves,91,131,465,24103.2
Octubre,Viernes,127,237,635,36355.9
Octubre,Sabado,160,259,793,44285
Octubre,Domingo,140,227,587,36474.7
Octubre,Lunes,72,122,339,22005
Octubre,Martes,81,160,477,25702.25
Octubre,Miercoles,75,138,441,20736
Octubre,Jueves,116,188,587,37753.45
Octubre,Viernes,186,322,980,55424.85
Octubre,Sabado,166,263,835,47851.55
Noviembre,Domingo,120,180,562,33891.5
Noviembre,Lunes,119,175,532,30981.45
Noviembre,Martes,67,114,332,19159.95
Noviembre,Miercoles,110,180,586,31911.4
Noviembre,Jueves,85,137,417,22565.1
Noviembre,Viernes,142,239,734,42044.15
Noviembre,Sabado,171,275,808,47612.9
Noviembre,Domingo,129,231,572,36132.5
Noviembre,Lunes,81,132,405,21897
Noviembre,Martes,89,144,380,23421.8
Noviembre,Miercoles,99,159,453,25816.9
Noviembre,Jueves,102,185,579,33109.2
Noviembre,Viernes,186,298,820,48479.35
Noviembre,Sabado,196,320,967,55267
Noviembre,Domingo,123,201,496,30665.3
Noviembre,Lunes,110,161,511,29390
Noviembre,Martes,66,110,351,19478.05
Noviembre,Miercoles,70,114,323,19282
Noviembre,Jueves,94,146,444,25695
Noviembre,Viernes,151,262,777,46266.15
Noviembre,Sabado,177,305,1160,67922.35
Noviembre,Domingo,99,128,398,26117.5
Noviembre,Lunes,63,86,300,17222
Noviembre,Martes,99,157,458,24509.2
Noviembre,Miercoles,106,183,598,33393
Noviembre,Jueves,120,186,540,32372
Noviembre,Viernes,174,285,997,58145.1
Noviembre,Sabado,190,330,952,56902
Noviembre,Domingo,131,220,572,35437.3
Noviembre,Lunes,98,155,444,24931.8
Diciembre,Martes,100,172,540,28073.1
Diciembre,Miercoles,95,170,512,28382.85
Diciembre,Jueves,114,196,602,34922.6
Diciembre,Viernes,151,251,766,44270
Diciembre,Sabado,203,343,1026,59150.7
Diciembre,Domingo,153,234,697,44292.9
Diciembre,Martes,78,124,381,22161.6
Diciembre,Miercoles,109,190,545,32783
Diciembre,Jueves,132,240,758,44478.95
Diciembre,Viernes,133,235,786,46839
Diciembre,Sabado,150,242,795,47198.3
Diciembre,Domingo,146,240,685,42962.55
Diciembre,Lunes,108,175,586,35922.9
Diciembre,Martes,111,191,645,39176
Diciembre,Miercoles,121,222,728,43588.7
Diciembre,Jueves,126,198,744,42871
Diciembre,Viernes,193,360,1065,65228
Diciembre,Sabado,185,313,937,57221
Diciembre,Domingo,139,217,733,46851.65
Diciembre,Lunes,138,252,814,47384.45
Diciembre,Martes,135,257,816,48455.1
Diciembre,Miercoles,145,312,900,53644.25
Diciembre,Sabado,148,283,730,49147
Diciembre,Domingo,153,261,812,52431.2
Diciembre,Lunes,135,257,726,44640.55
Diciembre,Martes,149,278,837,49232
Diciembre,Miercoles,201,370,1148,66228.8
Diciembre,Jueves,37,45,168,10126
Enero,Viernes,106,197,540,34824.4
Enero,Sabado,171,287,915,55061.55
Enero,Domingo,155,238,781,49379
Enero,Lunes,91,159,452,25487
Enero,Martes,105,197,509,29606
Enero,Miercoles,88,158,436,23776.3
Enero,Jueves,97,176,560,33074
Enero,Viernes,167,350,936,60096.7
Enero,Sabado,206,344,1003,62675.9
Enero,Domingo,161,271,781,47887.8
Enero,Lunes,103,173,477,28970.6
Enero,Martes,80,165,472,28253.6
Enero,Miercoles,99,190,510,28516.2
Enero,Jueves,136,227,725,42865.7
Enero,Viernes,202,422,1273,72795.3
Enero,Sabado,230,390,1075,66097.5
Enero,Domingo,145,239,688,42584.5
Enero,Lunes,109,171,496,29577
Enero,Martes,89,148,385,23096.8
Enero,Miercoles,100,207,621,33208.3
Enero,Jueves,99,174,585,36611.5
Enero,Viernes,169,305,907,52434.7
Enero,Sabado,182,304,992,59327.3
Enero,Domingo,150,270,799,48701.8
Enero,Lunes,64,116,264,16548
Enero,Martes,71,119,314,19998.7
Enero,Miercoles,82,128,364,22453.5
Enero,Jueves,117,190,626,38395
Enero,Viernes,171,315,883,56282
Enero,Sabado,193,340,974,56861.2
Enero,Domingo,118,191,547,35232.5
Febrero,Lunes,104,151,438,29573.3
Febrero,Martes,70,142,470,23756.6
Febrero,Miercoles,66,123,323,19107
Febrero,Jueves,67,107,414,24640.2
Febrero,Viernes,149,287,853,51522.6
Febrero,Sabado,171,326,946,54187.3
Febrero,Domingo,153,263,810,51602.2
Febrero,Lunes,54,78,215,12704.8
Febrero,Martes,84,160,442,24792.5
Febrero,Miercoles,85,144,405,22661
Febrero,Jueves,107,159,470,28589
Febrero,Viernes,161,371,940,54799
Febrero,Sabado,225,378,1073,67087.9
Febrero,Domingo,276,547,1398,91376.2
Febrero,Lunes,87,177,545,30428
Febrero,Martes,97,191,468,27827.7
Febrero,Miercoles,91,169,397,23537.5
Febrero,Jueves,98,163,503,29038.3
Febrero,Viernes,159,257,783,47742.4
Febrero,Sabado,174,295,861,51635.4
Febrero,Domingo,116,193,538,32909.3
Febrero,Lunes,58,100,229,12660.3
Febrero,Martes,80,160,378,23228.7
Febrero,Miercoles,96,164,456,26799
Febrero,Jueves,99,161,517,29604.8
Febrero,Viernes,182,316,943,58419.1
Febrero,Sabado,181,300,955,59173
Febrero,Domingo,130,179,562,36445
Febrero,Lunes,97,149,458,27739.9
Marzo,Martes,100,164,417,23507
Marzo,Miercoles,94,158,456,26337
Marzo,Jueves,102,181,549,31795.9
Marzo,Viernes,148,273,772,46698.3
Marzo,Sabado,176,334,946,56324
Marzo,Domingo,108,200,504,32681
Marzo,Lunes,63,107,295,15926
Marzo,Martes,90,170,442,26074
Marzo,Miercoles,86,151,451,25144
Marzo,Jueves,106,187,567,33365
Marzo,Viernes,149,270,796,49485.5
Marzo,Sabado,162,304,809,48984.8
Marzo,Domingo,145,278,707,47434
Marzo,Lunes,85,146,371,23258
Marzo,Martes,86,158,445,25350.6
Marzo,Miercoles,124,222,577,34366.3
Marzo,Jueves,108,238,534,31889
Marzo,Viernes,174,315,1014,60181.65
Marzo,Sabado,155,268,724,44804.3
Marzo,Domingo,110,196,479,31256.6
Marzo,Lunes,96,160,445,26516.2
Marzo,Martes,92,176,418,26023.8
Marzo,Miercoles,139,256,655,40045.8
Marzo,Sabado,121,196,487,31029
Marzo,Domingo,149,230,649,41744
Marzo,Lunes,91,136,367,22141.6
Marzo,Martes,100,174,415,25421
Marzo,Miercoles,101,151,456,27794.5
Marzo,Jueves,123,226,685,39597.6
Abril,Viernes,141,235,706,44472
Abril,Sabado,226,411,1205,72137.6
Abril,Domingo,128,185,547,36541.6
Abril,Lunes,68,94,304,17740.2
Abril,Martes,84,137,409,22913.8
Abril,Miercoles,81,154,380,23130.7
Abril,Jueves,80,118,356,21660.8
Abril,Viernes,127,225,704,39408.4
Abril,Sabado,176,283,798,50003.55
Abril,Domingo,96,154,379,25964
Abril,Lunes,72,109,276,16502.1
Abril,Martes,72,130,359,20714.4
Abril,Miercoles,104,196,502,27856.6
Abril,Jueves,109,169,517,30706.25
Abril,Viernes,151,266,912,53725.8
Abril,Sabado,170,281,832,50864.85
Abril,Domingo,133,224,609,38716.4
Abril,Lunes,57,79,260,15567
Abril,Martes,104,185,493,27977.3
Abril,Miercoles,92,166,456,26425
Abril,Jueves,101,165,546,31914
Abril,Viernes,145,294,816,49559.25
Abril,Sabado,186,291,835,49594.2
Abril,Domingo,114,184,513,31720
Abril,Lunes,71,130,333,20437.5
Abril,Martes,71,115,317,18821.7
Abril,Miercoles,99,165,490,27457.9
Abril,Jueves,111,203,572,33994.35
Abril,Viernes,171,293,877,56785
Abril,Sabado,211,333,869,57074.7
Mayo,Domingo,132,180,509,32375.7
Mayo,Lunes,66,99,326,18547
Mayo,Martes,100,190,468,28890.8
Mayo,Miercoles,121,205,652,35496.8
Mayo,Jueves,111,184,608,35962
Mayo,Viernes,150,274,709,41323.2
Mayo,Sabado,196,339,1057,67131.3
Mayo,Domingo,124,196,590,37780
Mayo,Lunes,86,171,477,25893.4
Mayo,Martes,186,390,1203,80396.8
Mayo,Miercoles,108,194,499,30822.9
Mayo,Jueves,119,214,731,40362.2
Mayo,Viernes,182,345,1013,58314.6
Mayo,Sabado,161,286,797,48539.2
Mayo,Domingo,181,296,821,52614
Mayo,Lunes,88,166,437,25578.2
Mayo,Martes,92,176,448,27243
Mayo,Miercoles,118,252,624,34790.3
Mayo,Jueves,95,158,585,31349.9
Mayo,Viernes,148,249,754,47762.1
Mayo,Sabado,178,319,860,52651.75
Mayo,Domingo,137,220,639,39019
Mayo,Lunes,88,148,351,22901.85
Mayo,Martes,105,181,483,27806
Mayo,Miercoles,89,163,412,22666.75
Mayo,Jueves,105,212,636,36438.6
Mayo,Viernes,156,265,793,47501.05
Mayo,Sabado,210,379,1125,68172.1
Mayo,Domingo,128,205,573,37861
Mayo,Lunes,107,192,532,30474.1
Mayo,Martes,101,178,475,26920
Junio,Miercoles,128,234,650,37602.25
Junio,Jueves,103,193,502,31830.6
Junio,Viernes,158,315,846,50984.35
Junio,Sabado,186,358,938,57368
Junio,Domingo,140,241,698,42627.75
Junio,Lunes,86,154,379,23169.6
Junio,Martes,86,166,471,29679
Junio,Miercoles,110,192,571,32999.95
Junio,Jueves,123,218,695,38214.2
Junio,Viernes,165,321,856,53056.35
Junio,Sabado,172,348,813,50762.1
Junio,Domingo,121,204,529,34443.55
Junio,Lunes,92,173,439,26235.2
Junio,Martes,106,194,471,28135
Junio,Miercoles,142,290,705,41844
Junio,Jueves,115,213,740,42913.8
Junio,Viernes,175,342,1034,59070.05
Junio,Sabado,211,403,1120,67650.55
Junio,Domingo,164,352,981,62678.2
Junio,Lunes,88,197,568,32078.85
Junio,Martes,87,184,493,29140
Junio,Miercoles,96,186,551,32964.2
Junio,Jueves,94,173,488,28183.4
Junio,Viernes,182,351,1150,62766.65
Junio,Sabado,174,306,888,55002.7
Junio,Domingo,138,261,649,40179
Junio,Lunes,92,179,431,27377.25
Junio,Martes,109,197,605,35475.6
Junio,Miercoles,132,291,746,44514
Junio,Jueves,139,290,826,49664.8
Julio,Viernes,175,361,1017,61845.85
Julio,Sabado,186,374,977,62026.15
Julio,Domingo,154,303,764,47263.95
Julio,Lunes,94,158,418,24858.3
Julio,Martes,112,214,601,32951
Julio,Miercoles,98,172,476,28373.7
Julio,Jueves,108,207,642,34180.55
Julio,Viernes,160,326,898,52200.75
Julio,Sabado,174,311,831,51261.1
Julio,Domingo,154,315,762,47651.75
Julio,Lunes,74,144,377,22265
Julio,Martes,99,184,494,29209.3
Julio,Miercoles,113,218,594,33488.4
Julio,Jueves,130,241,763,45305
Julio,Viernes,176,343,1030,59557.55
Julio,Sabado,189,355,972,57303
Julio,Domingo,130,230,576,36570
Julio,Lunes,96,172,488,26160.6
Julio,Martes,97,189,485,28219.25
Julio,Miercoles,120,236,811,40698.35
Julio,Jueves,140,258,688,42270.1
Julio,Viernes,147,320,980,58976.35
Julio,Sabado,183,340,916,56304.6
Julio,Domingo,120,292,572,38514.3
Julio,Lunes,75,142,462,23187.05
Julio,Martes,108,268,558,33971.3
Julio,Miercoles,88,161,408,24230.3
Julio,Jueves,117,260,721,42178.5
Julio,Viernes,154,320,855,52027.55
Julio,Sabado,178,356,923,53580
Julio,Domingo,114,233,550,34086.9
Agosto,Lunes,90,185,457,26686.55
Agosto,Martes,97,176,515,31150.5
Agosto,Miercoles,103,194,545,31425.55
Agosto,Jueves,127,256,695,40864
Agosto,Viernes,167,310,894,53092.9
Agosto,Sabado,180,334,929,58723
Agosto,Domingo,109,193,619,39945.35
Agosto,Lunes,82,162,426,24456.95
Agosto,Martes,80,144,433,24310
Agosto,Miercoles,100,192,553,31367.8
Agosto,Jueves,90,200,626,34855.5
Agosto,Viernes,186,363,1080,60451
Agosto,Sabado,192,358,952,58376.4
Agosto,Domingo,139,243,630,39958.6
Agosto,Lunes,79,177,519,28605
Agosto,Martes,93,175,420,25768.15
Agosto,Miercoles,82,146,364,21092
Agosto,Jueves,126,216,636,37425.6
Agosto,Viernes,167,330,977,56842
Agosto,Sabado,215,372,1028,62735.25
Agosto,Domingo,131,235,607,38212
Agosto,Lunes,86,166,425,26173
Agosto,Martes,98,195,478,27925
Agosto,Miercoles,72,124,374,20865.6
Agosto,Jueves,93,158,469,26899.5
Agosto,Viernes,178,335,922,52595.58
Agosto,Sabado,181,349,927,55321.3
Agosto,Domingo,107,201,495,34629
Agosto,Lunes,60,118,308,18934
Agosto,Martes,88,163,400,22538
Agosto,Miercoles,95,186,460,26562.5
Septiembre,Jueves,120,254,667,37625.3
Septiembre,Viernes,168,342,1016,57926.7
Septiembre,Sabado,186,352,921,56201.9
Septiembre,Domingo,123,245,598,37252
Septiembre,Lunes,87,168,437,25406
Septiembre,Martes,72,149,299,18581.8
Septiembre,Miercoles,88,180,471,28129.8
Septiembre,Jueves,95,344,471,25581.95
Septiembre,Viernes,147,304,873,51746.2
Septiembre,Sabado,186,377,979,59209.5
Septiembre,Domingo,123,231,616,38496.9
Septiembre,Lunes,65,124,304,18055
Septiembre,Martes,79,210,416,24891
Septiembre,Miercoles,92,178,472,26566.3
Septiembre,Jueves,139,296,765,44570.7
Septiembre,Viernes,130,231,606,36289.2
Septiembre,Sabado,163,292,840,48554.5
Septiembre,Domingo,130,257,668,39634.4
Septiembre,Lunes,70,134,354,19727.6
Septiembre,Martes,76,142,354,21257.95
Septiembre,Miercoles,71,137,339,20364.3
Septiembre,Jueves,103,209,581,33615.5
Septiembre,Viernes,137,274,770,46680
Septiembre,Sabado,164,324,885,52266.7
Septiembre,Domingo,128,246,552,35537.05
Septiembre,Lunes,66,113,317,18502
Septiembre,Martes,73,131,319,19296.3
Septiembre,Miercoles,70,147,406,21844.8
Septiembre,Jueves,117,226,666,37878.9
Septiembre,Viernes,167,347,1048,61600
Octubre,Sabado,152,382,787,46829.8
Octubre,Domingo,127,230,579,38495
Octubre,Lunes,59,113,300,17468
Octubre,Martes,105,220,506,31569.7
Octubre,Miercoles,83,164,445,25164.65
Octubre,Jueves,89,174,510,29176
Octubre,Viernes,154,339,878,52395.1
Octubre,Sabado,187,356,961,55976.1
Octubre,Domingo,122,271,515,33904.2
Octubre,Lunes,55,116,320,18391.3
Octubre,Martes,97,178,488,27927.5
Octubre,Miercoles,98,189,472,27454
Octubre,Jueves,105,193,579,31744.5
Octubre,Viernes,172,383,911,56608.7
Octubre,Sabado,187,334,892,54519
Octubre,Domingo,131,234,523,37563
Octubre,Lunes,66,146,385,23094
Octubre,Martes,81,147,390,21412.7
Octubre,Miercoles,84,164,431,24548.1
Octubre,Jueves,93,170,513,26354
Octubre,Viernes,161,328,840,50650.6
Octubre,Sabado,157,337,764,46665
Octubre,Domingo,151,284,681,42466
Octubre,Lunes,78,156,348,20563.6
Octubre,Martes,82,165,389,23660
Octubre,Miercoles,111,212,574,32157.8
Octubre,Jueves,96,195,544,31161.6
Octubre,Viernes,175,380,951,58190.95
Octubre,Sabado,169,329,818,48382.4
Octubre,Domingo,137,274,599,39956.6
Octubre,Lunes,83,180,465,27816
Noviembre,Martes,104,199,539,31401.4
Noviembre,Miercoles,144,270,817,47565
Noviembre,Jueves,93,183,488,28300.9
Noviembre,Viernes,132,274,729,41712.3
Noviembre,Sabado,193,395,1010,60025.15
Noviembre,Domingo,104,218,527,32775.9
Noviembre,Lunes,76,151,375,21937
Noviembre,Martes,66,130,337,18476.5
Noviembre,Miercoles,82,174,448,26973
Noviembre,Jueves,85,176,434,26310
Noviembre,Viernes,165,329,925,53926.5
Noviembre,Sabado,186,372,988,61189.3
Noviembre,Domingo,116,208,517,35495.5
Noviembre,Lunes,84,172,415,23375
Noviembre,Martes,104,227,526,32337.7
Noviembre,Miercoles,89,176,485,29659
Noviembre,Jueves,104,235,664,40394.7
Noviembre,Viernes,169,327,919,52958.55
Noviembre,Sabado,175,323,825,46714.3
Noviembre,Domingo,145,306,654,37794
Noviembre,Lunes,116,227,512,31196.9
Noviembre,Martes,61,121,337,20245.6
Noviembre,Miercoles,80,155,412,24174
Noviembre,Jueves,121,234,629,37666.2
Noviembre,Viernes,151,299,834,48438.9
Noviembre,Sabado,167,412,841,51685.5
Noviembre,Domingo,157,296,841,51832.46
Noviembre,Lunes,65,142,359,21604.6
Noviembre,Martes,82,179,445,26830.2
Noviembre,Miercoles,105,228,554,34899
Diciembre,Jueves,127,256,724,43544.2
Diciembre,Viernes,164,348,897,55404.9
Diciembre,Sabado,182,358,859,56462.8
Diciembre,Domingo,137,244,704,47782
Diciembre,Martes,107,216,629,40018.9
Diciembre,Miercoles,103,232,576,37785.85
Diciembre,Jueves,118,247,667,44729.5
Diciembre,Viernes,180,360,1125,69454.2
Diciembre,Sabado,192,403,1111,76093
Diciembre,Domingo,142,285,678,47845.3
Diciembre,Lunes,99,210,572,35701.3
Diciembre,Martes,90,243,462,28577.8
Diciembre,Miercoles,124,329,732,46707.3
Diciembre,Jueves,161,385,948,60862.2
Diciembre,Viernes,188,382,1087,70573
Diciembre,Sabado,169,424,975,67471.3
Diciembre,Domingo,119,234,613,44267.5
Diciembre,Lunes,134,281,710,47408.6
Diciembre,Martes,134,293,746,52189.4
Diciembre,Miercoles,123,233,691,47592
Diciembre,Jueves,151,324,919,60495.7
Diciembre,Viernes,140,283,796,54822.5
Diciembre,Sabado,24,33,88,6903
Diciembre,Domingo,52,116,287,17658.8
Diciembre,Lunes,112,223,556,39224.1
Diciembre,Martes,111,297,725,46358.2
Diciembre,Miercoles,120,225,726,43318.5
Diciembre,Jueves,138,895,823,55503.9
Diciembre,Viernes,185,391,1159,72941.9
Diciembre,Sabado,46,62,186,13549.1
Enero,Domingo,70,200,273,19562.8
Enero,Lunes,144,298,779,51446.05
Enero,Martes,93,202,516,34190
Enero,Miercoles,87,174,479,32404
Enero,Jueves,88,179,429,28151
Enero,Viernes,113,237,674,42252.3
Enero,Sabado,179,356,901,61873.4
Enero,Domingo,121,230,546,37666.6
Enero,Lunes,86,167,528,32505
Enero,Martes,61,139,319,23320.7
Enero,Miercoles,92,173,473,31981
Enero,Jueves,102,232,626,40819.6
Enero,Viernes,172,353,968,64101.9
Enero,Sabado,207,468,1160,80399.1
Enero,Domingo,148,322,812,52964.4
Enero,Lunes,77,140,359,23946
Enero,Martes,96,172,384,26755
Enero,Miercoles,88,188,476,29610.9
Enero,Jueves,115,233,688,42160.65
Enero,Viernes,149,295,846,55612
Enero,Sabado,161,330,842,55664.5
Enero,Domingo,146,267,745,52291.7
Enero,Lunes,83,169,451,28425.9
Enero,Martes,80,169,419,27386
Enero,Miercoles,83,185,493,31898.9
Enero,Jueves,89,176,451,27908
Enero,Viernes,165,365,952,62829.7
Enero,Sabado,164,347,902,60622.6
Enero,Domingo,105,203,445,31872.3
Enero,Lunes,68,117,276,19244
Enero,Martes,103,206,531,33903.65
Febrero,Miercoles,108,222,604,39284.95
Febrero,Jueves,86,167,504,31680
Febrero,Viernes,156,304,1096,69909.5
Febrero,Sabado,176,329,893,61182.9
Febrero,Domingo,134,229,622,44849.5
Febrero,Lunes,78,132,351,23591.5
Febrero,Martes,91,175,645,34338.5
Febrero,Miercoles,86,166,451,27658.5
Febrero,Jueves,77,169,437,26921.4
Febrero,Viernes,169,365,969,62786.25
Febrero,Sabado,137,296,739,49657.3
Febrero,Domingo,90,181,427,30189.8
Febrero,Lunes,76,148,375,24487.9
Febrero,Martes,254,536,1469,105567.3
Febrero,Miercoles,117,227,555,36290.7
Febrero,Jueves,100,214,633,40408.7
Febrero,Viernes,141,290,804,52741
Febrero,Sabado,207,385,972,68573.35
Febrero,Domingo,120,233,572,40631.1
Febrero,Lunes,75,131,336,20871.7
Febrero,Martes,68,133,313,20863.6
Febrero,Miercoles,83,155,473,30728.6
Febrero,Jueves,96,227,638,39348.7
Febrero,Viernes,161,359,875,58153.5
Febrero,Sabado,162,358,782,53869.3
Febrero,Domingo,111,206,487,35244.45
Febrero,Lunes,61,120,318,22029
Febrero,Martes,102,185,455,30230.5
Marzo,Miercoles,81,152,472,29037
Marzo,Jueves,97,213,554,36394.3
Marzo,Viernes,140,268,724,50269.1
Marzo,Sabado,157,294,722,53520.4
Marzo,Domingo,99,175,505,35488.6
Marzo,Lunes,72,127,380,26029.5
Marzo,Martes,59,109,299,18505.8
Marzo,Miercoles,70,135,346,23100.5
Marzo,Jueves,88,199,567,36705.3
Marzo,Viernes,124,256,764,49214.55
Marzo,Sabado,157,293,734,50004.5
Marzo,Domingo,105,171,472,36293.9
Marzo,Lunes,63,190,286,17740.2
Marzo,Martes,66,114,327,21299.8
Marzo,Miercoles,95,189,500,31911.2
Marzo,Jueves,104,220,561,36966.4
Marzo,Viernes,149,288,735,48090.4
Marzo,Sabado,153,258,758,52074.4
Marzo,Domingo,94,169,415,30390.4
Marzo,Lunes,89,145,377,28240.5
Marzo,Martes,62,109,258,17885
Marzo,Miercoles,89,166,438,27808.2
Marzo,Jueves,65,129,372,24164
Marzo,Viernes,143,266,769,49695.3
Marzo,Sabado,162,296,866,56970
Marzo,Domingo,99,165,393,30809.6
Marzo,Lunes,53,95,280,17250
Marzo,Martes,71,123,315,22476.7
Marzo,Miercoles,74,145,371,24522
Marzo,Jueves,85,207,606,40434.8
Marzo,Viernes,153,319,870,59927.1
Abril,Sabado,145,251,664,47897.7
Abril,Domingo,106,194,480,35931.8
Abril,Lunes,58,97,276,17828.1
Abril,Martes,68,135,431,27124.4
Abril,Miercoles,92,157,397,25503.3
Abril,Jueves,93,198,538,35012.9
Abril,Viernes,155,291,887,53384
Abril,Sabado,156,837,778,54040.9
Abril,Domingo,126,215,596,41710.2
Abril,Lunes,85,146,390,26433.3
Abril,Martes,117,202,634,40624.5
Abril,Miercoles,129,240,688,44946.4
Abril,Sabado,116,223,511,39947
Abril,Domingo,116,205,529,37847
Abril,Lunes,85,143,402,26903.4
Abril,Martes,92,153,417,26877.8
Abril,Miercoles,84,172,399,24431.3
Abril,Jueves,115,213,628,41250
Abril,Viernes,131,239,710,45271.3
Abril,Sabado,144,267,651,45102.6
Abril,Domingo,181,316,936,62766.6
Abril,Lunes,70,120,333,21547.3
Abril,Martes,58,86,278,18947
Abril,Miercoles,60,106,265,18578.4
Abril,Jueves,95,197,570,37539.9
Abril,Viernes,145,267,811,49900.75
Abril,Sabado,139,268,685,44393.5
Abril,Domingo,126,252,651,48376.4
Mayo,Lunes,95,163,473,30916
Mayo,Martes,60,107,287,16645.5
Mayo,Miercoles,78,153,415,25768.6
Mayo,Jueves,108,224,656,40458.6
Mayo,Viernes,128,239,681,42273.3
Mayo,Sabado,182,300,1112,75278.5
Mayo,Domingo,104,228,479,33452.6
Mayo,Lunes,66,111,265,19088.8
Mayo,Martes,87,195,484,32321
Mayo,Miercoles,201,507,1284,93335.4
Mayo,Jueves,98,236,554,37956.5
Mayo,Viernes,169,395,937,63696.2
Mayo,Sabado,148,292,790,53657.1
Mayo,Domingo,139,254,712,51081.1
Mayo,Lunes,92,166,459,28204.8
Mayo,Martes,88,214,488,31182.7
Mayo,Miercoles,71,130,353,22609
Mayo,Jueves,90,191,528,32304.8
Mayo,Viernes,126,249,794,48024.8
Mayo,Sabado,156,368,755,50921.8
Mayo,Domingo,122,201,536,39916
Mayo,Lunes,81,145,444,28423
Mayo,Martes,81,158,413,27175
Mayo,Miercoles,93,179,489,30975.8
Mayo,Jueves,111,293,745,47131.4
Mayo,Viernes,143,275,831,51264.6
Mayo,Sabado,157,286,780,51421.8
Mayo,Domingo,151,278,891,58898.15
Mayo,Lunes,63,125,305,20313
Mayo,Martes,89,146,436,26622.3
Mayo,Miercoles,93,153,420,26671.85
Junio,Jueves,95,195,602,37632
Junio,Viernes,145,283,779,52098.2
Junio,Sabado,178,306,933,60105.05
Junio,Domingo,106,186,469,32866
Junio,Lunes,65,109,328,22277
Junio,Martes,70,128,400,25673.8
Junio,Miercoles,71,128,359,21101.2
Junio,Jueves,110,216,664,39529
Junio,Viernes,152,294,804,50365.3
Junio,Sabado,143,281,721,48014
Junio,Domingo,137,285,717,49234.5
Junio,Lunes,59,116,314,19374.3
Junio,Martes,72,125,345,21635.3
Junio,Miercoles,100,181,607,41716.8
Junio,Jueves,108,243,771,47613.75
Junio,Viernes,153,306,963,56839.3
Junio,Sabado,129,254,645,44273.8
Junio,Domingo,139,293,727,54662
Junio,Lunes,78,145,441,28825
Junio,Martes,84,155,466,28608.5
Junio,Miercoles,97,192,599,35063.4
Junio,Jueves,93,206,616,38139.55
Junio,Viernes,153,280,828,50607.4
Junio,Sabado,154,290,775,54440.2
Junio,Domingo,124,241,674,47302.6
Junio,Lunes,75,134,370,22200.2
Junio,Martes,96,181,653,40920.2
Junio,Miercoles,119,237,694,45941.8
Junio,Jueves,152,320,938,59047
Junio,Viernes,163,324,1100,72983
Julio,Sabado,200,362,1038,70569.1
Julio,Domingo,133,271,638,43808.8
Julio,Lunes,101,170,463,31947.4
Julio,Martes,103,200,593,38366.7
Julio,Miercoles,113,202,640,38887.8
Julio,Jueves,119,238,712,43059
Julio,Viernes,171,334,994,64334.4
Julio,Sabado,161,301,791,52303.7
Julio,Domingo,118,234,591,41430.8
Julio,Lunes,70,124,276,19233.3
Julio,Martes,87,166,463,29266.3
Julio,Miercoles,87,155,486,29370.2
Julio,Jueves,129,271,722,48468.1
Julio,Viernes,147,301,904,57534.9
Julio,Sabado,179,314,1038,68167
Julio,Domingo,115,213,571,41522.3
Julio,Lunes,84,149,440,25819.2
Julio,Martes,77,139,470,30443
Julio,Miercoles,88,224,504,30130.6
Julio,Jueves,111,208,761,45838.2
Julio,Viernes,145,270,813,53439.85
Julio,Sabado,160,269,733,54879.3
Julio,Domingo,120,212,608,43574.4
Julio,Lunes,87,161,417,28481.4
Julio,Martes,95,198,506,31690.8
Julio,Miercoles,109,190,544,35955.5
Julio,Jueves,102,197,553,37684.6
Julio,Viernes,146,247,785,50211.4
Julio,Sabado,178,352,976,64497.4
Julio,Domingo,100,175,501,34623.5
Julio,Lunes,87,157,456,31388
Agosto,Martes,89,172,486,33161
Agosto,Miercoles,87,149,436,29509
Agosto,Jueves,112,231,590,40554.1
Agosto,Viernes,135,230,772,48526.7
Agosto,Sabado,151,255,794,51736.78
Agosto,Domingo,117,187,487,33974.75
Agosto,Lunes,86,158,468,29451.15
Agosto,Martes,114,221,646,42218.3
Agosto,Miercoles,98,179,536,33283.5
Agosto,Jueves,117,219,667,40293.5
Agosto,Viernes,133,275,732,45355.5
Agosto,Sabado,173,294,875,56633
Agosto,Domingo,139,263,659,48573.8
Agosto,Lunes,81,159,414,24566.1
Agosto,Martes,84,162,469,28891
Agosto,Miercoles,121,228,705,41856.3
Agosto,Jueves,107,210,585,40778
Agosto,Viernes,151,295,866,57581.6
Agosto,Sabado,151,308,790,54057.1
Agosto,Domingo,126,245,622,43292.2
Agosto,Lunes,49,93,195,13354.4
Agosto,Martes,75,118,313,20091.3
Agosto,Miercoles,87,159,508,30205.1
Agosto,Jueves,89,163,534,35085.9
Agosto,Viernes,129,261,853,52434.9
Agosto,Sabado,171,262,1091,68722.64
Agosto,Domingo,122,223,544,38805
Agosto,Lunes,75,160,433,26662.4
Agosto,Martes,67,121,317,20476.5
Agosto,Miercoles,92,156,520,31360.1
Agosto,Jueves,94,181,508,34835.6
Septiembre,Viernes,163,311,917,58588.6
Septiembre,Sabado,158,315,875,58506.8
Septiembre,Domingo,109,228,546,37266
Septiembre,Lunes,69,210,351,23128.4
Septiembre,Martes,71,122,325,21820.1
Septiembre,Miercoles,81,167,476,31389
Septiembre,Jueves,81,138,387,25439
Septiembre,Viernes,121,216,724,48835.48
Septiembre,Sabado,170,284,879,56605.9
Septiembre,Domingo,103,391,464,33837
Septiembre,Lunes,72,159,435,28385.3
Septiembre,Martes,67,113,386,23960.5
Septiembre,Miercoles,83,161,457,31345.2
Septiembre,Jueves,110,220,673,40836.9
Septiembre,Viernes,116,234,615,38829
Septiembre,Sabado,149,294,1025,63245.38
Septiembre,Domingo,98,173,473,32274
Septiembre,Lunes,67,140,389,24015
Septiembre,Martes,63,138,336,21381.8
Septiembre,Miercoles,73,132,364,23759.03
Septiembre,Jueves,112,195,618,38711.03
Septiembre,Viernes,128,228,764,47348.1
Septiembre,Sabado,144,283,709,49151.3
Septiembre,Domingo,102,183,508,35050
Septiembre,Lunes,80,232,453,28702.1
Septiembre,Martes,60,112,331,21334
Septiembre,Miercoles,86,158,461,28570.9
Septiembre,Jueves,92,207,547,33923
Septiembre,Viernes,167,320,1011,65128.03
Septiembre,Sabado,181,327,969,63870
Octubre,Domingo,109,208,531,34863.03
Octubre,Lunes,75,130,361,21051.8
Octubre,Martes,76,144,399,26483
Octubre,Miercoles,81,162,496,30981.8
Octubre,Jueves,117,211,726,44898.8
Octubre,Viernes,148,290,850,53818
Octubre,Sabado,154,267,706,46862.3
Octubre,Domingo,104,187,486,33713.2
Octubre,Lunes,66,122,390,24006.8
Octubre,Martes,65,108,295,20039
Octubre,Miercoles,93,200,484,32887
Octubre,Jueves,93,174,538,34502
Octubre,Viernes,175,337,1032,66065
Octubre,Sabado,141,251,636,43828.5
Octubre,Domingo,126,248,658,45753.6
Octubre,Lunes,74,148,387,23786
Octubre,Martes,74,131,413,25634.2
Octubre,Miercoles,82,150,486,29999
Octubre,Jueves,91,263,571,35901.8
Octubre,Viernes,138,267,778,49252.15
Octubre,Sabado,164,271,701,49196.9
Octubre,Domingo,89,148,444,30546.8
Octubre,Lunes,70,119,330,20882.45
Octubre,Martes,57,121,320,20247.3
Octubre,Miercoles,65,102,378,23148
Octubre,Jueves,94,154,496,32691.1
Octubre,Viernes,142,223,763,49324
Octubre,Sabado,164,272,837,55977.8
Octubre,Domingo,119,209,649,41409.9
Octubre,Lunes,63,123,347,22757.8
Octubre,Martes,110,217,645,40483.8
Noviembre,Miercoles,121,186,831,48528
Noviembre,Jueves,105,166,489,31555
Noviembre,Viernes,130,225,753,45104.4
Noviembre,Sabado,136,230,682,46197.8
Noviembre,Domingo,100,163,429,29056.2
Noviembre,Lunes,66,125,365,22898
Noviembre,Martes,73,119,395,25438.9
Noviembre,Miercoles,69,112,364,22892
Noviembre,Jueves,72,138,487,30886.58
Noviembre,Viernes,151,259,822,51884.4
Noviembre,Sabado,152,273,791,51036
Noviembre,Domingo,113,188,509,33952
Noviembre,Lunes,63,118,299,18567.48
Noviembre,Martes,81,123,389,23537.6
Noviembre,Miercoles,105,161,546,35241
Noviembre,Jueves,80,144,479,28860
Noviembre,Viernes,131,235,755,48855.1
Noviembre,Sabado,145,248,706,45869
Noviembre,Domingo,112,243,547,38918
Noviembre,Lunes,105,219,529,35383.5
Noviembre,Martes,54,107,258,16493.3
Noviembre,Miercoles,77,112,334,23228.9
Noviembre,Jueves,91,162,601,37728.55
Noviembre,Viernes,122,219,661,44730
Noviembre,Sabado,148,256,805,54393
Noviembre,Domingo,103,399,485,33697
Noviembre,Lunes,65,115,315,21506.8
Noviembre,Martes,73,98,402,23912.4
Noviembre,Miercoles,102,167,547,35717.7
Noviembre,Jueves,117,193,634,42112.9
Diciembre,Viernes,175,306,960,64460.07
Diciembre,Sabado,174,267,769,57016.1
Diciembre,Domingo,123,210,597,40302
Diciembre,Martes,56,100,247,15357
Diciembre,Miercoles,97,165,547,37365.55
Diciembre,Jueves,115,193,687,45493.2
Diciembre,Viernes,176,344,1040,66924.9
Diciembre,Sabado,169,369,996,65732.9
Diciembre,Domingo,135,221,616,43936.8
Diciembre,Lunes,89,161,420,28654.6
Diciembre,Martes,96,169,475,32462.5
Diciembre,Miercoles,97,194,514,32838.7
Diciembre,Jueves,131,222,821,58754.8
Diciembre,Viernes,160,295,950,66018
Diciembre,Sabado,172,326,814,60000.6
Diciembre,Domingo,148,240,688,51406
Diciembre,Lunes,77,140,409,26411.9
Diciembre,Martes,111,173,631,42599.3
Diciembre,Miercoles,136,229,836,55986.1
Diciembre,Jueves,129,219,911,55614
Diciembre,Viernes,151,312,829,58036.86
Diciembre,Sabado,156,292,851,55846
Diciembre,Domingo,21,30,80,6361
Diciembre,Lunes,16,33,66,5334
Diciembre,Martes,103,186,539,35497.9
Diciembre,Miercoles,123,215,621,42022.4
Diciembre,Jueves,122,192,731,49143.1
Diciembre,Viernes,149,293,878,59169.3
Diciembre,Sabado,162,277,947,62084.9
Diciembre,Domingo,36,46,164,10480
Enero,Martes,120,185,624,41596.4
Enero,Miercoles,107,183,630,41134.8
Enero,Jueves,105,170,560,36273.4
Enero,Viernes,164,328,889,63741.7
Enero,Sabado,157,248,779,55623.1
Enero,Domingo,119,175,539,39289.5
Enero,Lunes,65,107,259,18772.1
Enero,Martes,66,113,296,18255.8
Enero,Miercoles,76,144,414,25825
Enero,Jueves,105,153,528,34782.5
Enero,Viernes,171,259,953,64972.7
Enero,Sabado,176,311,870,59166.6
Enero,Domingo,125,188,545,37236.8
Enero,Lunes,75,157,391,25487
Enero,Martes,72,121,445,27212.3
Enero,Miercoles,80,115,410,25942.1
Enero,Jueves,105,249,687,41724.4
Enero,Viernes,173,277,926,59917.3
Enero,Sabado,171,268,793,55478.5
Enero,Domingo,114,182,525,35950.9
Enero,Lunes,68,122,347,21243.95
Enero,Martes,70,113,329,21398.8
Enero,Miercoles,78,113,481,28634.8
Enero,Jueves,97,175,561,33171.6
Enero,Viernes,157,303,864,54004.9
Enero,Sabado,169,296,911,61493.9
Enero,Domingo,118,246,634,41780.2
Enero,Lunes,74,109,351,23320.4
Enero,Martes,98,151,414,24098.25
Enero,Miercoles,111,175,546,34828
Febrero,Jueves,107,176,624,38256.1
Febrero,Viernes,140,230,830,53160.7
Febrero,Sabado,142,218,695,47551.6
Febrero,Domingo,108,191,489,34005.3
Febrero,Lunes,76,134,343,24131.3
Febrero,Martes,57,83,238,16186
Febrero,Miercoles,69,120,379,23585
Febrero,Jueves,91,155,454,28368
Febrero,Viernes,158,276,956,64106.3
Febrero,Sabado,141,311,749,51733.2
Febrero,Domingo,94,169,438,30842.65
Febrero,Lunes,63,109,325,19738
Febrero,Martes,81,366,429,28544.35
Febrero,Miercoles,304,526,1623,118977.5
Febrero,Jueves,105,207,580,35903.1
Febrero,Viernes,134,260,810,54291.3
Febrero,Sabado,157,290,888,60108.1
Febrero,Domingo,121,192,582,42564
Febrero,Lunes,45,148,216,12555.8
Febrero,Martes,45,71,183,11851
Febrero,Miercoles,71,143,371,24395.8
Febrero,Jueves,105,197,626,44515.9
Febrero,Viernes,139,231,834,53729.1
Febrero,Sabado,175,526,867,63408.1
Febrero,Domingo,97,230,465,31545
Febrero,Lunes,61,130,370,23193
Febrero,Martes,67,106,306,22110
Febrero,Miercoles,85,147,478,33353.6
Marzo,Jueves,102,176,560,35041.1
Marzo,Viernes,156,296,879,58351.6
Marzo,Sabado,152,301,939,61274.3
Marzo,Domingo,114,203,533,37725.1
Marzo,Lunes,53,86,219,13785.9
Marzo,Martes,82,147,489,30474
Marzo,Miercoles,84,146,396,24956.9
Marzo,Jueves,97,207,646,41943.1
Marzo,Viernes,141,260,760,50068
Marzo,Sabado,154,303,822,54117
Marzo,Domingo,112,205,551,37381.6
Marzo,Lunes,53,95,269,18306.3
Marzo,Martes,57,111,326,21281.6
Marzo,Miercoles,89,171,500,33117.3
Marzo,Jueves,100,188,479,32807.9
Marzo,Viernes,158,308,876,55887
Marzo,Sabado,167,320,900,64826.6
Marzo,Domingo,105,184,485,35475
Marzo,Lunes,101,180,448,32934.6
Marzo,Martes,64,106,285,19551.2
Marzo,Miercoles,64,117,314,22025.3
Marzo,Jueves,90,177,580,36377.3
Marzo,Viernes,154,285,802,57330.7
Marzo,Sabado,148,269,766,52367.8
Marzo,Domingo,102,198,441,33679.5
Marzo,Lunes,82,147,426,28510.6
Marzo,Martes,100,215,490,35338.5
Marzo,Miercoles,138,278,704,53441.3
Marzo,Sabado,103,195,491,35935.6
Abril,Domingo,124,217,536,40909.1
Abril,Lunes,91,163,369,26946.9
Abril,Martes,86,169,413,29890.9
Abril,Miercoles,93,175,418,29490.8
Abril,Jueves,113,228,582,40641.92
Abril,Viernes,139,267,744,54382.3
Abril,Sabado,148,283,771,54024
Abril,Domingo,110,209,540,38374.3
Abril,Lunes,72,129,353,24979.5
Abril,Martes,69,141,336,22459.3
Abril,Miercoles,89,173,465,32296.8
Abril,Jueves,103,194,565,44188.1
Abril,Viernes,175,300,874,64814.4
Abril,Sabado,172,309,779,59200.2
Abril,Domingo,153,244,667,49283.7
Abril,Lunes,82,145,407,30831.7
Abril,Martes,99,157,427,32746.1
Abril,Miercoles,81,124,438,30314.3
Abril,Jueves,109,169,569,39229.6
Abril,Viernes,169,309,956,68005.86
Abril,Sabado,170,273,856,63165.8
Abril,Domingo,158,242,641,50314.4
Abril,Lunes,74,128,428,27695
Abril,Martes,90,158,427,30812.6
Abril,Miercoles,104,178,542,35429.6
Abril,Jueves,106,193,495,34786.1
Abril,Viernes,186,317,880,66350.7
Abril,Sabado,172,297,806,59156.7
Abril,Domingo,165,288,717,56043.8
Abril,Lunes,155,295,760,55893.9
Mayo,Martes,148,244,692,50168.9
Mayo,Miercoles,91,157,393,28223.8
Mayo,Jueves,87,151,442,31250
Mayo,Viernes,170,307,968,70310.6
Mayo,Sabado,195,339,933,68719
Mayo,Domingo,159,282,778,56566.16
Mayo,Lunes,65,117,341,23410.2
Mayo,Martes,82,173,452,31606.9
Mayo,Miercoles,108,228,655,49226.8
Mayo,Jueves,252,607,1558,120260.6
Mayo,Viernes,166,312,849,62842.4
Mayo,Sabado,155,314,891,65038
Mayo,Domingo,128,217,595,46277.3
Mayo,Lunes,85,166,409,29637.1
Mayo,Martes,127,247,619,45263
Mayo,Miercoles,90,156,497,31571.81
Mayo,Jueves,122,270,717,50906.4
Mayo,Viernes,139,268,882,59554
Mayo,Sabado,158,276,830,55682
Mayo,Domingo,123,229,581,45272
Mayo,Lunes,93,176,547,33964.8
Mayo,Martes,65,109,282,20124
Mayo,Miercoles,106,190,609,41340.5
Mayo,Jueves,108,214,580,38410.2
Mayo,Viernes,154,301,842,59225.8
Mayo,Sabado,225,405,1149,82229.9
Mayo,Domingo,118,206,484,39531.3
Mayo,Lunes,90,163,456,30065.3
Mayo,Martes,71,116,354,24379.7
Mayo,Miercoles,100,190,470,33409.4
Mayo,Jueves,140,292,833,56424.7
Junio,Viernes,172,315,900,62661
Junio,Sabado,206,403,1095,74314.6
Junio,Domingo,150,250,660,50511.6
Junio,Lunes,69,137,332,23685
Junio,Martes,95,157,545,39967
Junio,Miercoles,105,180,540,35804
Junio,Jueves,107,200,614,39443
Junio,Viernes,180,341,930,65621
Junio,Sabado,204,391,1065,76070
Junio,Domingo,160,275,682,52078.8
Junio,Lunes,70,115,303,21526.4
Junio,Martes,96,159,605,39679.2
Junio,Miercoles,113,211,597,41096.5
Junio,Jueves,120,211,668,48778.7
Junio,Viernes,198,394,1211,89644
Junio,Sabado,181,340,953,74181
Junio,Domingo,189,355,1004,81565.5
Junio,Lunes,104,173,478,35479.9
Junio,Martes,88,155,426,33899.6
Junio,Miercoles,89,143,394,31378
Junio,Jueves,123,227,751,52317.1
Junio,Viernes,188,1161,961,69441.9
Junio,Sabado,189,334,953,73900.8
Junio,Domingo,131,407,587,44351.6
Junio,Lunes,82,141,410,28744.6
Junio,Martes,87,174,470,33184.6
Junio,Miercoles,125,255,815,60660.6
Junio,Jueves,170,357,1055,73282
Junio,Viernes,172,344,1003,71364.6
Junio,Sabado,181,364,1018,75545.9
Julio,Domingo,142,252,587,45366.6
Julio,Lunes,113,206,571,38869.9
Julio,Martes,90,173,457,32898.8
Julio,Miercoles,135,237,721,49749
Julio,Jueves,123,232,733,50439.4
Julio,Viernes,155,308,944,69217.8
Julio,Sabado,178,299,913,66350.3
Julio,Domingo,129,235,629,48019
Julio,Lunes,84,148,390,26676.7
Julio,Martes,87,137,412,30902.8
Julio,Miercoles,104,186,571,38052
Julio,Jueves,128,235,718,50783.8
Julio,Viernes,199,396,1147,81864.9
Julio,Sabado,197,341,1023,73359.8
Julio,Domingo,128,239,629,47467.2
Julio,Lunes,83,145,360,25024.7
Julio,Martes,87,175,443,31473
Julio,Miercoles,79,154,428,29420
Julio,Jueves,114,222,657,47189
Julio,Viernes,149,291,808,53998.3
Julio,Sabado,167,289,874,62573
Julio,Domingo,129,230,681,51391
Julio,Lunes,81,143,526,30994.3
Julio,Martes,99,174,552,31929
Julio,Miercoles,105,204,595,37632.4
Julio,Jueves,112,212,640,42602
Julio,Viernes,161,284,862,63150.2
Julio,Sabado,158,300,778,56732.5
Julio,Domingo,128,217,592,45715.1
Julio,Lunes,86,146,411,27779.4
Julio,Martes,68,123,318,23144.2
Agosto,Miercoles,93,179,524,30555.8
Agosto,Jueves,89,195,662,42228.8
Agosto,Viernes,156,301,951,62779
Agosto,Sabado,201,371,1066,76659.2
Agosto,Domingo,123,213,621,44881.4
Agosto,Lunes,94,154,409,29475.4
Agosto,Martes,77,126,328,22951
Agosto,Miercoles,94,196,556,36545.9
Agosto,Jueves,105,210,629,41446.8
Agosto,Viernes,149,273,819,55546.5
Agosto,Sabado,160,278,777,56287.3
Agosto,Domingo,86,139,409,30640.2
Agosto,Lunes,64,137,397,26788.4
Agosto,Martes,83,166,462,33320
Agosto,Miercoles,96,233,652,44561.6
Agosto,Jueves,100,208,611,39197.1
Agosto,Viernes,164,320,932,68419.9
Agosto,Sabado,178,317,909,68997.6
Agosto,Domingo,104,167,498,37636
Agosto,Lunes,60,106,321,22648
Agosto,Martes,82,141,465,30179
Agosto,Miercoles,96,159,455,31500.8
Agosto,Jueves,101,179,614,38718.3
Agosto,Viernes,150,285,826,60883.1
Agosto,Sabado,174,321,773,57931.6
Agosto,Domingo,112,198,543,41090.6
Agosto,Lunes,75,140,396,28765.8
Agosto,Martes,77,137,397,28577
Agosto,Miercoles,74,123,335,24431
Agosto,Jueves,114,218,665,46779.1
Agosto,Viernes,189,352,1090,78852.6
Septiembre,Sabado,194,363,947,72754.9
Septiembre,Domingo,103,162,399,31549.5
Septiembre,Lunes,58,97,294,18949
Septiembre,Martes,86,144,382,26388.9
Septiembre,Miercoles,93,180,522,35238.1
Septiembre,Jueves,91,192,550,35568.6
Septiembre,Viernes,150,274,867,59469.7
Septiembre,Sabado,164,293,757,57167.4
Septiembre,Domingo,118,197,554,42570.4
Septiembre,Lunes,79,163,378,27545.9
Septiembre,Martes,63,100,293,20015.2
Septiembre,Miercoles,79,165,412,28335
Septiembre,Jueves,98,193,472,34645
Septiembre,Viernes,154,311,848,59930.7
Septiembre,Sabado,196,334,1002,73014.9
Septiembre,Domingo,110,174,461,35786.1
Septiembre,Lunes,80,150,370,25320.4
Septiembre,Martes,64,112,302,18706
Septiembre,Miercoles,98,213,503,36065.9
Septiembre,Jueves,110,200,537,39790.8
Septiembre,Viernes,152,245,666,47869
Septiembre,Sabado,165,294,861,63654.9
Septiembre,Domingo,100,158,377,30306.2
Septiembre,Lunes,62,99,263,18594.9
Septiembre,Martes,84,151,341,24256.7
Septiembre,Miercoles,76,170,402,30189.5
Septiembre,Jueves,96,184,535,35511
Septiembre,Viernes,193,384,1192,83934.2
Septiembre,Sabado,199,354,879,65902.3
Septiembre,Domingo,136,228,636,47485
Octubre,Lunes,78,136,408,27303.9
Octubre,Martes,82,191,447,30943
Octubre,Miercoles,90,186,508,33001.3
Octubre,Jueves,115,199,590,40696.5
Octubre,Viernes,145,261,800,53835.5
Octubre,Sabado,189,338,1014,72865.7
Octubre,Domingo,130,208,563,43619.9
Octubre,Lunes,56,90,201,13469.2
Octubre,Martes,53,95,247,17177.1
Octubre,Miercoles,81,170,442,30220.5
Octubre,Jueves,110,217,629,44394.9
Octubre,Viernes,140,269,809,55790.3
Octubre,Sabado,162,315,868,63044.1
Octubre,Domingo,122,232,555,41745.1
Octubre,Lunes,84,164,440,30986.8
Octubre,Martes,112,179,536,36387.9
Octubre,Miercoles,92,191,489,34300.6
Octubre,Jueves,98,189,527,35821.9
Octubre,Viernes,165,315,931,63483.6
Octubre,Sabado,179,318,865,66074.1
Octubre,Domingo,125,188,545,42238.2
Octubre,Lunes,68,104,337,21528.6
Octubre,Martes,75,109,349,21794.8
Octubre,Miercoles,90,149,451,28985.1
Octubre,Jueves,112,215,552,38938.6
Octubre,Viernes,156,301,868,57863.8
Octubre,Sabado,162,238,761,56137
Octubre,Domingo,147,256,776,55811.6
Octubre,Lunes,83,125,358,23606.6
Octubre,Martes,74,115,308,21816.5
Octubre,Miercoles,110,159,463,33692.1
Noviembre,Jueves,133,262,801,53463.1
Noviembre,Viernes,159,252,863,62019.1
Noviembre,Sabado,182,257,712,55847.9
Noviembre,Domingo,116,163,473,37618.1
Noviembre,Lunes,77,116,367,25586.7
Noviembre,Martes,65,114,317,22511
Noviembre,Miercoles,78,137,361,26751.5
Noviembre,Jueves,110,192,553,38473.8
Noviembre,Viernes,162,262,765,57301.6
Noviembre,Sabado,156,284,808,61259.7
Noviembre,Domingo,124,247,599,46081.3
Noviembre,Lunes,82,144,368,26287.8
Noviembre,Martes,74,130,361,24151.4
Noviembre,Miercoles,103,186,496,36102.3
Noviembre,Jueves,132,217,559,41046.1
Noviembre,Viernes,152,278,818,52653.4
Noviembre,Sabado,178,336,892,63606.3
Noviembre,Domingo,135,230,588,41829.7
Noviembre,Lunes,122,208,570,39474.9
Noviembre,Martes,87,160,408,28143.2
Noviembre,Miercoles,81,145,476,34830.3
Noviembre,Jueves,103,192,499,35103.9
Noviembre,Viernes,154,279,785,54678
Noviembre,Sabado,175,309,848,64076.8
Noviembre,Domingo,126,224,521,42044.7
Noviembre,Lunes,92,161,418,31050.8
Noviembre,Martes,90,156,419,29617.7
Noviembre,Miercoles,103,187,516,39030.4
Noviembre,Jueves,132,222,759,51004.9
Noviembre,Viernes,196,338,1019,74320.5
Diciembre,Sabado,210,337,881,69742
Diciembre,Domingo,143,224,565,45001.3
Diciembre,Martes,112,194,493,34321.9
Diciembre,Miercoles,118,204,552,40093
Diciembre,Jueves,139,244,790,55963.3
Diciembre,Viernes,193,367,1081,76976.1
Diciembre,Sabado,212,368,1036,76852.4
Diciembre,Domingo,163,296,790,61120.8
Diciembre,Lunes,91,171,501,34278
Diciembre,Martes,72,128,331,22991.8
Diciembre,Miercoles,112,249,642,44293.2
Diciembre,Jueves,165,292,951,64997.3
Diciembre,Viernes,182,340,1109,81092.5
Diciembre,Sabado,211,378,1143,80580.1
Diciembre,Domingo,214,358,978,77627.9
Diciembre,Lunes,101,178,468,34731.7
Diciembre,Martes,127,222,635,47010.9
Diciembre,Miercoles,181,370,1066,77603.4
Diciembre,Jueves,154,289,893,61897.1
Diciembre,Viernes,188,352,1089,78133.7
Diciembre,Sabado,174,346,878,66248.3
Diciembre,Domingo,158,294,788,60376.15
Diciembre,Miercoles,115,205,531,40703.5
Diciembre,Jueves,130,231,691,51806.6
Diciembre,Viernes,176,322,1034,73759.7
Diciembre,Sabado,224,370,1035,78407.9
Diciembre,Domingo,175,310,841,64717.6
Enero,Miercoles,144,273,679,49371.2
Enero,Jueves,144,259,649,48423.8
Enero,Viernes,151,281,957,67249.35
Enero,Sabado,213,386,1114,82750.5
Enero,Domingo,146,225,582,46796.3
Enero,Lunes,85,148,437,30305.9
Enero,Martes,103,230,530,37980.9
Enero,Miercoles,90,158,464,34179.4
Enero,Jueves,112,220,654,45294
Enero,Viernes,201,365,1087,77666.3
Enero,Sabado,239,440,1132,85535
Enero,Domingo,147,245,667,49297.7
Enero,Lunes,92,184,451,33427
Enero,Martes,107,198,569,39419.2
Enero,Miercoles,113,206,525,39692.8
Enero,Jueves,150,317,982,61325.1
Enero,Viernes,188,322,1042,74481.3
Enero,Sabado,225,396,1088,79269.8
Enero,Domingo,167,301,767,57690
Enero,Lunes,88,149,334,24573.2
Enero,Martes,76,142,330,26268.8
Enero,Miercoles,111,205,559,40715.8
Enero,Jueves,132,255,692,46178.6
Enero,Viernes,170,315,905,65621.4
Enero,Sabado,212,362,981,71755.8
Enero,Domingo,149,268,633,51314.4
Enero,Lunes,73,114,267,19981.6
Enero,Martes,85,146,429,31327.6
Enero,Miercoles,105,182,519,37182
Enero,Jueves,127,239,752,50000.9
Febrero,Viernes,190,384,1004,71111.1
Febrero,Sabado,204,373,925,69014
Febrero,Domingo,164,303,759,58781
Febrero,Lunes,120,203,564,39304.6
Febrero,Martes,72,121,307,24127.3
Febrero,Miercoles,72,120,293,21170.9
Febrero,Jueves,101,201,546,37671.4
Febrero,Viernes,156,289,829,60495.3
Febrero,Sabado,202,347,924,70612.2
Febrero,Domingo,133,233,524,42525.1
Febrero,Lunes,79,123,312,20803.7
Febrero,Martes,68,143,318,24013
Febrero,Miercoles,109,240,629,44332.4
Febrero,Jueves,307,576,1574,123527
Febrero,Viernes,211,370,1102,82612.3
Febrero,Sabado,193,360,899,71962.85
Febrero,Domingo,106,208,510,38538.8
Febrero,Lunes,61,128,286,19115.6
Febrero,Martes,65,105,306,22098.2
Febrero,Miercoles,73,135,350,25562.6
Febrero,Jueves,95,175,549,36166.8
Febrero,Viernes,145,255,776,53489.2
Febrero,Sabado,170,314,902,64357
Febrero,Domingo,117,196,517,41065.7
Febrero,Lunes,62,112,241,17656.2
Febrero,Martes,76,127,330,24361.3
Febrero,Miercoles,98,213,503,37775.2
Febrero,Jueves,123,243,712,48282
Marzo,Viernes,188,341,1042,72661.3
Marzo,Sabado,240,370,927,77687
Marzo,Domingo,133,211,507,42939.6
Marzo,Lunes,77,128,358,26310.9
Marzo,Martes,87,131,373,28719.5
Marzo,Miercoles,106,181,527,39842.8
Marzo,Jueves,113,226,624,44588.4
Marzo,Viernes,168,281,915,71117.2
Marzo,Sabado,175,325,870,67065
Marzo,Domingo,101,169,423,34463.7
Marzo,Lunes,72,123,339,24753
Marzo,Martes,71,105,310,22869.8
Marzo,Miercoles,101,184,482,34199.8
Marzo,Jueves,118,192,568,41785.5
Marzo,Viernes,166,323,990,76723.9
Marzo,Sabado,180,327,837,66535.3
Marzo,Domingo,131,224,616,46988.9
Marzo,Lunes,114,187,485,37295.9
